PARLAMENTARIO_ID,PARTIDO_POLITICO,NOMBRE_COMPLETO
4611,Partido Unión Demócrata Independiente,Cristhian Moreira Barros
5209,Partido Comunista de Chile,Daniela Serrano Salazar
5194,,Cristian Tapia Ramos
5203,Partido Republicano de Chile,Cristian Araya Lerdo De Tejada
4647,Unión Demócrata Independiente,Cristian Labbe Martinez
5265,Partido Unión Demócrata Independiente,Cristobal Martinez Ramirez
4549,,Cristobal Urruticoechea Rios
4589,Partido Unión Demócrata Independiente,Luz Eliana Ebensperger Orrego
4629,Partido Por la Democracia,Raul Soto Mardones
4576,Partido Frente Amplio,Maite Orsini Pascal
5216,Partido Unión Demócrata Independiente,Daniel Lilayu Vivanco
5201,Partido Socialista de Chile,Daniel Manouchehri Lobos
4537,Partido Socialista de Chile,Daniel Melo Contreras
4513,Partido Comunista de Chile,Daniel Nunez Arancibia
5192,,Jaime Araya Guerrero
4585,Partido Socialista de Chile,Raul Leiva Carvajal
4510,Partido Socialista de Chile,Daniella Cicardini Milla
4562,Partido Radical Socialdemócrata,Cosme Mellado Pino
5186,Partido Socialista de Chile,Danisa Astudillo Peiretti
1646,Partido Unión Demócrata Independiente,David Sandoval Plaza
4551,Partido Frente Amplio,Diego Ibanez Cotroneo
4617,Partido Renovación Nacional,Diego Schalper Sepulveda
1713,Partido Unión Demócrata Independiente,Ivan Moreira Barros
4530,Partido Demócrata Cristiano,Ivan Flores Garcia
4521,Partido Renovación Nacional,Manuel Jose Ossandon Irarrazabal
3494,Partido Socialista de Chile,Isabel Allende Bussi
4591,Partido Renovación Nacional,Rafael Prohens Espinosa
5251,Partido Unión Demócrata Independiente,Eduardo Cornejo Lagos
4598,Partido Renovación Nacional,Eduardo Duran Salinas
5212,,Hector Ulloa Aguilera
5246,Partido Frente Amplio,Marcela Riquelme Aliaga
4553,Partido Socialista de Chile,Emilia Nuyado Ancapichun
4540,,Renzo Trisotti Martinez
5268,,Consuelo Veloso Avila
5232,,Ruben Dario Oyarzo Figueroa
5206,Partido Frente Amplio,Carolina Tello Rojas
3069,Partido Renovación Nacional,Carlos Ignacio Kuschel Silva
4572,Partido Frente Amplio,Jorge Brito Hasbun
187,Partido Social Cristiano,Rojo Edwards Silva
4604,Partido Unión Demócrata Independiente,Jorge Alessandri Vergara
5228,Partido Republicano de Chile,Luis Fernando Sanchez Ossa
4633,Partido Renovación Nacional,Rodrigo Galilea Vial
5271,,Johannes Kaiser Barents-Von Hohenhagen
4524,Unión Demócrata Independiente,Joaquin Lavin Leon
5252,Partido Social Cristiano,Roberto Arroyo Munoz
4593,Partido Republicano de Chile,Carmen Gloria Aravena Acuna
4597,Partido Comunista de Chile,Carmen Hertz Cadiz
5185,Partido Liberal de Chile,Luis Malla Valenzuela
4565,,Joanna Perez Olea
4550,Partido Por la Democracia,Carolina Marzan Pinto
4561,,Catalina Del Real Mihovilovic
135,,Rene Alinco Bustos
4607,Partido Frente Amplio,Catalina Perez Salinas
5190,Partido Frente Amplio,Javiera Morales Alvarado
2281,Partido Unión Demócrata Independiente,Javier Macaya Danus
5218,Partido Republicano de Chile,Chiara Barchiesi Chavez
5189,,Christian Matheson Villan
3099,Partido Por la Democracia,Ricardo Lagos Weber
5239,Partido Frente Amplio,Clara Sagardia Cabezas
4548,Partido Frente Amplio,Claudia Mix Jimenez
5193,Partido Comunista de Chile,Claudia Pascual Grau
5210,Partido Frente Amplio,Jaime Saez Quiroz
5200,Partido Demócrata Cristiano,Ricardo Cifuentes Lillo
1570,Partido Por la Democracia,Jaime Quintana Leal
1978,Partido Socialista de Chile,Jaime Naranjo Ortiz
1782,Federación Regionalista Verde Social,Jaime Mulet Martinez
5266,Partido Frente Amplio,Emilia Schneider Videla
5215,Partido Demócrata Cristiano,Hector Barria Angulo
339,,Pedro Araya Guerrero
4563,Partido Evolución Política (Evópoli),Francisco Undurraga Gazitua
5243,,Marta Gonzalez Olea
5217,Partido Socialista de Chile,Nelson Venegas Salazar
685,Partido Renovación Nacional,Francisco Chahuan Chahuan
5205,Partido Comunista de Chile,Nathalie Castillo Rojas
5241,,Natalia Romero Talguia
71,Partido Demócrata Cristiano,Francisco Huenchumilla Jaramillo
5202,,Gonzalo De La Carrera Correa
5208,,Monica Arce Castro
4602,Partido Frente Amplio,Gonzalo Winter Etcheberry
5247,Partido Comunista de Chile,Maria Candelaria Acevedo Saez
5263,,Francisco Pulgar Castillo
4610,Partido Demócratas Chile,Miguel Angel Calisto Aguila
5219,Partido Frente Amplio,Maria Francisca Bello Campos
4571,Partido Renovación Nacional,Miguel Mellado Suazo
5235,,Gloria Naveillan Arriagada
5204,Partido Renovación Nacional,Marcia Raphael Mora
3669,Partido Renovación Nacional,Frank Sauerbaum Munoz
5196,Partido Renovación Nacional,Maria Jose Gatica Bertin
5274,,Maria Luisa Cordero Velasquez
5254,Partido Frente Amplio,Felix Bugueno Sotelo
5234,Partido Renovación Nacional,Miguel Becker Alvear
4554,Partido Ecologista Verde,Felix Gonzalez Gatica
5261,Partido Frente Amplio,Mercedes Bulnes Nunez
5214,Partido Renovación Nacional,Mauro Gonzalez Villaroel
4622,Partido Frente Amplio,Gael Yeomans Araya
5226,,Mauricio Ojeda Rebolledo
3735,Partido Demócratas Chile,Matias Walker Prieto
1894,,Gaspar Rivas Sanchez
5187,Partido Comunista de Chile,Matias Ramirez Pascal
4601,Partido Socialista de Chile,Gaston Saavedra Chandia
4600,Partido Social Cristiano,Francesca Munoz Gonzalez
5262,Unión Demócrata Independiente,Marta Bravo Salinas
5256,,Marlene Perez Cartes
5244,Unión Demócrata Independiente,Flor Weisse Novoa
5184,,Enrique Lee Flores
2128,Partido Unión Demócrata Independiente,Enrique Van Rysselberghe Herrera
5303,Partido Socialista de Chile,Paulina Vodanovic Rojas
4542,Renovación Nacional,Paulina Nunez Urrutia
5269,,Paula Labra Besserer
5253,Partido Demócrata Cristiano,Eric Aedo Jeldres
5225,Partido Frente Amplio,Ericka Nanco Vasquez
4621,Partido Demócratas Chile,Erika Olivera De La Fuente
5198,Partido Unión Demócrata Independiente,Marco Sulantay Olivares
4583,Partido Frente Amplio,Patricio Rosas Barrientos
4564,Partido Renovación Nacional,Hugo Rey Martinez
4609,Partido Socialista de Chile,Marcos Ilabaca Cerda
5220,,Hotuiti Teao Drago
4599,Federación Regionalista Verde Social,Esteban Velasquez Nunez
4628,Partido Humanista,Pamela Jiles Moreno
5207,,Hernan Palma Perez
5195,,Fabiola Campillai Rojas
5233,Partido Unión Demócrata Independiente,Henry Leal Bizama
5275,Partido Por la Democracia,Helia Molina Milman
4603,,Harry Jurgensen Rundshagen
5260,,Felipe Camano Cardenas
5257,Partido Unión Demócrata Independiente,Felipe Donoso Castro
4030,Partido Evolución Política (Evópoli),Felipe Kast Sommerhoff
4623,Partido Unión Demócrata Independiente,Gustavo Sanhueza Duenas
5213,Unión Demócrata Independiente,Fernando Borquez Montecinos
5270,Partido Unión Demócrata Independiente,Gustavo Benavente Vergara
4570,Partido Unión Demócrata Independiente,Guillermo Ramirez Diez
1438,Partido Socialista de Chile,Fidel Espinoza Sandoval
4578,,Marisela Santibanez Novoa
4567,Partido Renovación Nacional,Jorge Duran Espinoza
1482,Partido Unión Demócrata Independiente,Gaston Von Muhlenbrock Zamora
4546,Partido Renovación Nacional,Andres Celis Montt
5211,Partido Acción Humanista,Ana Maria Gazmuri Vieira
5222,,Tomas De Rementeria Venegas
2861,Partido Unión Demócrata Independiente,Sergio Bobadilla Munoz
5199,Partido Demócratas Chile,Victor Pino Fuentes
5259,Partido Republicano de Chile,Benjamin Moreno Bascur
5227,Partido Republicano de Chile,Juan Irarrazaval Rossel
4523,Partido Socialista de Chile,Leonardo Soto Ferrada
4619,Partido Por la Democracia,Jorge Soria Quiroga
4608,,Leonidas Romero Saez
5223,Partido Socialista de Chile,Ana Bravo Castro
4528,,Bernardo Berger Fett
4606,Partido Frente Amplio,Juan Ignacio Latorre Riveros
5236,,Jorge Saffirio Espinoza
5191,,Sebastian Videla Castillo
2717,,Alejandra Sepulveda Orbenes
4560,Partido Comunista de Chile,Boris Barrera Moreno
5267,Partido Comunista de Chile,Alejandra Placencia Cabello
5197,,Alejandro Kusanovic Glusevic 
3399,Partido Social Cristiano,Juan Luis Castro Gonzalez
3399,Partido Social Cristiano,Juan Luis Castro Gonzalez
4594,Partido Renovación Nacional,Camila Flores Oporto
4141,Partido Socialista de Chile,Jose Miguel Insulza Salinas
4531,Partido Liberal de Chile,Vlado Mirosevic Verdugo
1925,Partido Socialista de Chile,Alfonso De Urresti Longton
279,Partido Renovación Nacional,Jose Gilberto Garcia Ruminot
4579,Partido Renovación Nacional,Sofia Cid Versalovic
4624,Partido Socialista de Chile,Juan Santana Castillo
5229,,Stephan Schubert Rubio
5248,,Viviana Delgado Riquelme
4545,Partido Radical Socialdemócrata,Alexis Sepulveda Soto
4581,Partido Renovación Nacional,Jose Miguel Castro Bascunan
5272,Partido Republicano de Chile,Jose Carlos Meza Pereira
5242,,Karen Medina Vasquez
4605,,Karim Bianchi Retamales
4634,Partido Unión Demócrata Independiente,Jose Miguel Durana Semir
4520,Partido Comunista de Chile,Karol Cariola Oliva
4620,,Kenneth Pugh Olavarria
4504,Unión Demócrata Independiente,Sergio Gahona Salazar
4577,,Sebastian Keitel Bianchi
4552,Partido Liberal de Chile,Alejandro Bernales Maldonado
5238,,Camila Musante Muller
5245,Partido Demócrata Cristiano,Alberto Undurraga Vicuna
5230,Partido Comunista de Chile,Luis Alberto Cuello Pena Y Lillo
4559,Partido Renovación Nacional,Andres Longton Herrera
1274,,Carlos Bianchi Chelech
5231,Movimiento Amarillos por Chile,Andres Jouannet Valderrama
4569,Partido Evolución Política (Evópoli),Luciano Cruz-Coke Carvallo
4596,Partido Frente Amplio,Camila Rojas Valderrama
4632,Partido Acción Humanista,Tomas Hirsch Goldschmidt
4618,Partido Renovación Nacional,Ximena Ossandon Irarrazabal
5188,,Yovana Ahumada Palma
4539,Partido por la Democracia,Loreto Carvajal Ambiado
5273,Partido Frente Amplio,Andres Giordano Salazar
4592,,Ximena Ordenes Neira
2362,,Ximena Cecilia Rincon Gonzalez
1778,Partido Unión Demócrata Independiente,Juan Antonio Coloma Correa
4543,Partido Unión Demócrata Independiente,Juan Antonio Coloma Alamos
5221,Partido Comunista de Chile,Lorena Pizarro Sierra
5255,Partido Evolución Política (Evópoli),Jorge Guzman Zepeda
4588,Partido Social Cristiano,Juan Enrique Castro Prieto
5258,Partido Social Cristiano,Sara Concha Smith
4506,Partido Renovación Nacional,Jorge Rathgeb Schifferli
4568,Partido Unión Demócrata Independiente,Juan Fuenzalida Cobo
5224,,Tomas Lagomarsino Guzman
5264,Partido Frente Amplio,Lorena Fries Monleon
4323,Partido Demócrata Cristiano,Yasna Provoste Campillay
5250,Partido Republicano de Chile,Agustin Matias Romero Leiva
5249,Partido Renovación Nacional,Carla Morales Maldonado 
5237,Partido Renovación Nacional,Juan Beltran Silva
4558,,Alvaro Carter Fernandez
2822,,Mario Francisco Duenas Avaria
3607,,Juan Rodriguez Nadruz
3638,,Mario Enrique Rios Santander
2789,,Mario Escobar Urbina
161,,Mario Fuenzalida Mandriaza
1568,,Mario Devaud Ojeda
507,,Marco Antonio Enriquez-Ominami Gumucio
4214,,Mario Desbordes Jimenez
2868,,Juan Segundo Checura Jeria
2092,,Marino Penna Miranda
1190,,Julio Alberto Mercado Illanes
1717,,Mariana Aylwin Oyarzun
331,,Marcos Aurelio Aburto Ochoa
3557,,Marcos Espinosa Monardes
2826,,Juan Valdes Rodriguez
2847,,Juan Tuma Masso
2441,,Margarita Paluz Rivas
416,,Mario Hamuy Berr
544,,Juan De Dios Carmona Peralta
1762,,Juana Dip Muhana
1831,,Marco Antonio Nunez Lozano
86,,Mario Bertolino Rendic
1222,,Mariano Bernales Urmeneta
3498,,Juan Segundo Pulgar Montoya
2806,,Mariano Guerrero 
1068,,Marina Prochelle Aguilar
1344,,Mario Alberto Acuna Cisternas
1450,,Julieta Campusano Chavez
362,,Mario Arnello Romo
3177,,Mario Arturo Mosquera Roa
2605,,Juan Pablo Letelier Morel
3477,,Luis Alfonso Ramirez De La Fuente
2747,,Mario Jaime Reyes Aroca
1684,,Juan Floreal Recabarren Rojas
3021,,Juan Lobos Krause
2696,,Juan Jose Bustos Ramirez
2416,,Maria Adela Maluenda Campos
2849,,Maria Angelica Cristi Marfil
3145,,Maria Antonieta Saa Diaz
3808,,Juan Hamilton Depassier
745,,Maria Elena Carrera Villavicencio
3362,,Maria Eugenia Mella Gajardo
16,,Juan Florencio Galleguillos Vera
1525,,Maria Ines Aguilera Castro
1382,,Martin Manterola Cantuarias
3002,,Maria Jose Hoffmann Opazo
561,,Juan Fernando Vargas Peralta
2549,,Juan Ernesto Penafiel Illanes
368,,Maria Pia Guzman Mena
3370,,Maria Rozas Velasquez
2681,,Maria Silvia Micaela Correa Marin
2274,,Maria Soledad Alvear Valenzuela
2129,,Juan Enrique Taladriz Garcia
4507,,Juan Enrique Morano Cornejo
1428,,Martin Manterola Urzua
2028,,Martin Andonaegui 
1434,,Mario Julio Torres Peralta
3367,,Mario Urrutia Gazmuri
766,,Mario Livio Hurtado Chacon
431,,Mario Marchant Binder
2255,,Mario Modesto Arancibia Cardenas
2516,,Juan Nunez Valenzuela
413,,Mario Palestro Rojas
3651,,Mario Papi Beyer
3040,,Mario Roberto Riquelme Munoz
1510,,Mario Rios Padilla
1370,,Mario Sharpe Carte
1562,,Mario Varela Herrera
2249,,Martita Elvira Worner Tapia
3192,,Mario Venegas Cardenas 
455,,Juan Montedonico Napoli
1079,,Juan Masferrer Pellizzari
1050,,Marisol Turres Figueroa
3521,,Juan Martinez Sepulveda
1014,,Julio Antonio Gaston Duran Neumann
1563,,Juan Luis Ossa Bulnes
3107,,Marta Eliana Isasi Barbieri
1850,,Juan Luis Mauras Novella
4820,,Juan Manuel Masferrer Vidal
1083,,Julio Canessa Robert
2310,,Marco Antonio Cariola Barroilhet
4522,,Luis Rocafull Lopez
1575,,Luis Osvaldo Escobar Astaburuaga
1665,,Leopoldo Segundo Ortega Rodriguez
3893,,Luis Osvaldo Maira Aguirre
686,,Leopoldo Perez Lahsen
2057,,Leopoldo Figari Forno
3060,,Luis Papic Ramos
4625,,Luis Pardo Sainz
1557,,Luis Pareto Gonzalez
1678,,Luis Ricardo Hormazabal Sanchez
421,,Leonardo Hagel Arredondo
2638,,Maria Victoria Ovalle Ovalle
2403,,Lautaro Vergara Osorio
4574,,Karin Luck Urban
1588,,Lautaro Carmona Soto
573,,Luis Uberlindo Espinoza Villalobos
1998,,Laureano Diaz 
600,,Luis Valdes Larrain
1403,,Laura Soto Gonzalez
2054,,Luis Valente Rossi
954,,Luis Valentin Ferrada Valenzuela
1208,,Laura Fiora Rodriguez Riccomini
991,,Luis Videla Salinas
501,,Laura Allende Gossens
1189,,Luzberto Enrique Pantoja Rubilar
2071,,Leopoldo Sanchez Grunert
414,,Luis Navarrete Carvacho
732,,Luis Monge Sanchez
2682,,Liborio Sanchez Cardenas
2703,,Luis Armando Minchel Balladares
2939,,Luis Bossay Leiva
1166,,Luis Alberto Quinteros Tricot
2938,,Luis Corvalan Lepe
937,,Luis Eduardo Undurraga Correa
3241,,Luis Engelberto Raimundo Frias Moran
2875,,Luis Enrique Tejeda Oliva
3219,,Luis Alberto Guastavino Cordova
1583,,Luis Ernesto Aguilera Baez
3152,,Luis Felipe Letelier Icaza
677,,Luis Fernando Luengo Escalona
1891,,Luis Alberto Gonzalez Olivares
622,,Luciano Vasquez Muruaga
1387,,Luis Ferrada Perez
2859,,Luis Gaston Lobos Barrientos
1776,,Luis Godoy Gomez
904,,Luis Gonzalez Canales
2634,,Luis Humberto Figueroa Mazuela
1485,,Luis Le Blanc Valenzuela
2716,,Luis Lemus Aracena
2536,,Luis M. Cardoso 
1917,,Lisandro Fuentealba Troncoso
2581,,Lily Perez San Martin
3270,,Karla Rubilar Barahona
2657,,Justo Munoz 
852,,Marcial Flores 
4534,,Marcela Hernando Perez
184,,Manuel Rioseco Vasquez
3589,,Manuel Roberto Montalba Vega
3330,,Manuel Rodriguez Huenuman
3122,,Manuel Rodriguez Rodriguez
2640,,Manuel Rojas Molina
1721,,Manuel Segundo Cantero Prado
630,,Manuel Valdes 
2531,,Manuel Valdes Solar
3603,,Manuel Vera Carcamo
83,,Marcela Cubillos Sigall
3097,,Julio Dittborn Cordua
3514,,Luis Antonio Fuentealba Medina
903,,Justo Garcia 
1030,,Julio Campos Avila
2073,,Marcela Sabat Fernandez
4644,,Marcela Sandoval Osorio
3591,,Marcelino Ruiz 
4516,,Marcelo Chavez Velasquez
1833,,Julio Bernardo Subercaseaux Barros
730,,Marcelo Diaz Diaz
3848,,Marcelo Forni Lobos
3014,,Marcelo Schilling Rodriguez
2845,,Marcelo Somarriva Undurraga
1093,,Julio Anibal Sepulveda Rondanelli
3457,,Manuel Rafael Senoret Lapsley
1827,,Manuel Monsalve Benavides
2871,,Julio Ernesto Von Muhlenbrock Lira
3351,,Julio Felipe Montt Momberg
456,,Julian Jarpa Caamano
1966,,Julian Abel Echavarri Elorza
2262,,Manuel Antonio Bustos Huerta
812,,Manuel Cerda Concha
1540,,Manuel De Ortuzar Ibanez
1417,,Julio Valenzuela 
1853,,Manuel Diez Garcia
3134,,Manuel Enrique Ferreira Guzman
2300,,Manuel Espinosa Jara
1865,,Julio Silva Solar
110,,Manuel Galilea Widmer
2019,,Manuel Garcia Banqueda
24,,Julio Rojos Astorga
3843,,Manuel Gonzalez 
3455,,Manuel Gonzalez Vilches
887,,Julio Rojas Rojas
1468,,Manuel Hurtado 
578,,Manuel Jesus Gallardo Paz
2199,,Manuel Jesus Gamboa Valenzuela
1294,,Manuel Jose Irarrazaval Larrain
2537,,Manuel Josias Eduardo Magalhaes Medling
537,,Julio Lagos Cosgrove
3292,,Manuel Matta Aragay
546,,Abel Segundo Jarpa Vallejos
2103,,Oscar Gaston Naranjo Arias
3263,,Matias Fernandez 
617,,Santiago Pereira Becerra
1996,,Ruben Gajardo Chacon
3103,,Ruben Hurtado O'Ryan
4643,,Ruben Moraga Mamani
1424,,Ruben Soto Gutierrez
3027,,Ruben Zapata Bravo
665,,Rufo Ruiz Esquide Espinoza
488,,Salomon Corbalan Gonzalez
2435,,Salvador Allende Gossens
2357,,Salvador Correa Larrain
2278,,Salvador Urrutia Cardenas
2221,,Samuel Ernesto Astorga Jorquera
1718,,Samuel Fuentes Andrades
2960,,Samuel Venegas Rubio
4616,,Sandra Amar Mancilla
1061,,Santiago Sinclair Oyaneder
1470,,Rene Manuel Garcia Garcia
2072,,Santiago Ureta Mackenna
381,,Santos Leoncio Medel Basualto
404,,Sebastian Pinera Echenique
4631,,Sebastian Torrealba Alvarado
4587,,Sebastian Alvarez Ramirez
2500,,Selim Carrasco Toledo
3883,,Sergio Aguilo Melo
1822,,Sergio Anfossi Munoz
832,,Sergio Ariel Merino Jarpa
2125,,Sergio Benedicto Elgueta Barrientos
3141,,Sergio Bitar Chacra
2782,,Sergio Correa De La Cerda
2194,,Sergio Eduardo De Praga Diez Urzua
4332,,Sergio Espejo Yaksic
3780,,Rosendo Huenuman Garcia
3487,,Rosauro Martinez Labbe
3685,,Rosa Gonzalez Roman
1911,,Ronald Mc Intyre Mendoza
2321,,Rene Tapia Salgado
4586,,Ricardo Celis Araya
3252,,Ricardo Cornejo 
3900,,Ricardo Fernando Tudela Barraza
1933,,Ricardo Ferrando Keun
1287,,Ricardo Martin Diaz
124,,Ricardo Navarrete Betanzo
2645,,Ricardo Nunez Munoz
209,,Ricardo Otto Weber Kunstmann
3562,,Ricardo Rincon Gonzalez
528,,Ricardo Undurraga Laso
1139,,Ricardo Valenzuela Saez
1088,,Roberto Delmastro Naso
1860,,Roberto Leon Ramirez
972,,Roberto Munoz Barra
4517,,Roberto Poblete Zapata
1753,,Roberto Sepulveda Hermosilla
1902,,Rodolfo Antonio Ramirez Valenzuela
2324,,Rodolfo Leon Lavin
2525,,Rodolfo Seguel Molina
3322,,Rodolfo Stange Oelckers
258,,Rodolfo Werner Inostroza
1893,,Rodrigo Gonzalez Torres
1011,,Rodrigo Alvarez Zenteno
3431,,Rolando Calderon Aranguiz
4630,,Rolando Renteria Moller
3576,,Rolando Rivas Fernandez
2616,,Romilio Gutierrez Pino
3598,,Romy Rebolledo Leyton
1196,,Sergio Fernandez Aguayo
10,,Sergio Fernandez Fernandez
2133,,Sergio Hernan Sepulveda Garces
494,,Vicente Enrique Huerta Celis
2101,,Vilma Eliana Rojas Alfaro
4580,,Virginia Troncoso Hellman
1226,,Vladimir Anselmo Sule Candia
3388,,Vladislav Kuzmicic Calderon
1617,,Volodia Teitelboim Volosky
625,,Victor Barberis Yori
3775,,Victor Barrueto 
2769,,Victor Benito Contreras Tapia
466,,Victor Emerson Gonzalez Maertens
2646,,Victor Galleguillos Clett
513,,Victor Hernan Carmine Zuniga
1938,,Victor Jaramillo 
3112,,Victor Joaquin Garcia Garzena
2044,,Victor Manuel Flores Castelli
3127,,Victor Manuel Rebolledo Gonzalez
963,,Victor Perez Varela
3203,,Victor Reyes Alvarado
1999,,Victor Sbarbaro Campos
1950,,Victor Torres Jeldes
1677,,Waldo Mora Longa
1625,,William Turpin Thayer Arteaga
447,,Wilna Yolanda Saavedra Cortes
2803,,Wladimir Lenin Chavez Rodriguez
3196,,Ximena Valcarce Becerra
1580,,Ximena Vidal Lazaro
3609,,Zarko Luksic Sandoval
4584,,Alvaro Elizalde Soto
516,,Alvaro Escobar Rufatt
533,,Angel Faivovich Hitzcovich
874,,Vicente Karelovic Vrandecic
3133,,Vicente Atencio Cortes
2561,,Sergio Jara Catalan
12,,Vicente Agustin Sota Barros
1964,,Sergio Mariano Ruiz Esquide Jara
482,,Sergio Morales Morales
1876,,Sergio Ojeda Doren
1175,,Sergio Ojeda Uribe
3870,,Sergio Onofre Jarpa Reyes
3518,,Sergio Pizarro Mackay
2048,,Sergio Paez Verdugo
443,,Sergio Romero Pizarro
2832,,Sergio Saavedra Viollier
3865,,Sergio Velasco De La Cerda
276,,Silvia Alessandri Montes
1686,,Silvia Costa Espinoza
1131,,Silvia Emiliana Pinto Torres
624,,Silvia Victoria Araya Gonzalez
206,,Silvio Rodriguez Villalobos
1838,,Telesforo Mario Barahona Ceballos
2102,,Teodoro Ribera Neumann
2733,,Tolentino Perez Soto
1224,,Tomas Chadwick Valdes
519,,Tomas Edison Irribarra De La Torre
2505,,Tomas Enrique Solis Nova
4641,,Tomas Fuentes Barros
522,,Tomas Jocelyn Holt Letelier
3539,,Tomas Pablo Elorza
3635,,Tucapel Jimenez Fuentes
3728,,Tulio Renan Fuentealba Moena
7,,Ulises Correa Correa
3779,,Valentin Solis Cabezas
1631,,Venancio Conuepan Huenchual
122,,Rene Saffirio Espinoza
227,,Rene Benedicto Leon Echaiz
835,,Maximiano Errazuriz Eguiguren
2879,,Osvaldo Temer Oyarzun
2589,,Orlando Severo Vargas Pizarro
697,,Oscar Alfredo Naranjo Jara
3380,,Oscar Gajardo Villarroel
1121,,Juan Efrain Ojeda Ojeda
3365,,Oscar Guillermo Garreton Purcell
1188,,Oscar Juan Edgardo Schleyer Springmuller
2971,,Oscar Marin Socias
970,,Oscar Moya Munoz
3184,,Oscar Rodulfo Gonzalez Robles
3643,,Osvaldo Andrade Lara
464,,Osvaldo Basso Carvajal
3581,,Osvaldo Giannini Iniguez
599,,Osvaldo Opelio Olguin Zapata
3371,,Osvaldo Palma Flores
4511,,Osvaldo Urrutia Soto
933,,Rene Aurelio Jerez Contreras
3817,,Osvaldo Vega Vera
2298,,Pabla Toledo Obando
3079,,Pablo Fernando Rosselot Jaramillo
3178,,Pablo Galilea Carrillo
4627,,Pablo Kast Sommerhoff
1900,,Pablo Longueira Montes
1001,,Pablo Lorenzini Basso
864,,Pablo Prieto Lorca
1290,,Pablo Silva 
4573,,Pablo Vidal Rojas
2751,,Pacifico Encina Romero
4646,,Patricia Rubio Escobar
2840,,Patricio Alejandro Hales Dib
3123,,Patricio Aylwin Azocar
2867,,Orlando Octavio Poblete Gonzalez
1313,,Orlando Del Fierro Demartini
611,,Orel Viciani Escker
3279,,Olga Feliu Segovia
3342,,Maximiano Errazuriz Valdes
4508,,Maya Fernandez Allende
566,,Miguel Adolfo Zaldivar Larrain
4582,,Miguel Crispi Serrano
740,,Miguel Eduardo Jarpa Vallejos
2091,,Miguel Hernandez Saffirio
2050,,Miguel Luis Amunategui Johnson
2208,,Miguel Luis Lagos Lagos
4544,,Miguel Angel Alvarado Ramirez
2812,,Milenko Vilicic Karnincic
349,,Miodrag Arturo Marinovic Solo De Zaldivar
1553,,Mireya Baltra Moreno
1173,,Maximo Pacheco Gomez
1937,,Maximo Venegas Sepulveda
246,,Monica Beatriz Zalaquett Said
18,,Narciso Irureta Aburto
4626,,Natalia Castillo Munoz
662,,Nelson Jaime Avila Contreras
3386,,Nicanor Allende Urrutia
344,,Nicanor Araya De La Cruz
3838,,Nicolas Diaz Sanchez
428,,Nicolas Monckeberg Diaz
1899,,Nicolas Naranjo Palacios
4612,,Nicolas Noman Garrido
2053,,Nicolas Rojas 
899,,Nino Baltolu Rasera
4640,,Nora Cuevas Contreras
1284,,Nestor Jofre Nunez
2292,,Octavio Jara Wolff
3395,,Patricio Bryan Mekis Spikin
526,,Patricio Calderon 
3404,,Patricio Cornejo Vidaurrazaga
3799,,Rafael De La Rosa 
78,,Rafael Roberto Tarud Siwady
934,,Ramon Augusto Silva Ulloa
923,,Ramon Barros Luco
3625,,Ramon Barros Montero
2490,,Ramon Elizalde Hevia
2163,,Ramon Errazuriz Errazurriz
2993,,Ramon Farias Ponce
4575,,Ramon Galleguillos Castillo
3587,,Ramon Rozas Rozas
3745,,Ramon Segundo Perez Opazo
1462,,Ramon Segundo Subercaseaux 
1859,,Ramon Vega Hidalgo
2968,,Raul Armando Barrionuevo Barrionuevo
2243,,Raul Eduardo Gormaz Molina
1151,,Raul Galvarino Ampuero Diaz
1378,,Raul Hernan Brucher Encina
2108,,Raul Hernan Morales Adriasola
3815,,Raul Herrera Herrera
2348,,Raul Juliet Gomez
3139,,Raul Marin Balmaceda
4533,,Raul Saldivar Auger
345,,Raul Sanchez Banados
1399,,Raul Sunico Galdames
2689,,Raul Urrutia Avila
3764,,Renato Emilio De La Jara Parada
4615,,Renato Garin Gonzalez
1405,,Renato Ludwig Laemmermann Monsalves
629,,Renato Valenzuela Labbe
2555,,Rene Aedo Ormeno
3660,,Rafael Otero Echeverria
371,,Rafael De La Presa Casanueva
2896,,Patricio Hurtado Pereira
1975,,Rafael Arratia Valdebenito
504,,Patricio Melero Abaroa
1944,,Patricio Phillips Penafiel
3449,,Patricio Vallespin Lopez
802,,Patricio Walker Prieto
376,,Paul Aldunate Phillips
994,,Pedro Alvarez-Salamanca Ramirez
1710,,Pedro Antonio Acuna 
363,,Pedro Antonio Jauregui Castro
2064,,Pedro Arnoldo Urra Veloso
1763,,Pedro Browne Urrejola
1834,,Pedro Crispino Stark Troncoso
809,,Pedro Felipe Ramirez Ceballos
2497,,Pedro Hector Alvarado Paez
66,,Pedro Hector Munoz Aburto
2591,,Pedro Ibanez Ojeda
941,,Pedro Munoz Rojas
467,,Pedro Nolasco Del Carmen Videla Riquelme
1877,,Pedro Nolasco Muga Gonzalez
3440,,Pedro Opitz Velasquez
3831,,Pedro Pablo Araya Ortiz
451,,Pedro Pablo Benavides 
1616,,Pedro Pablo Alvarez Salamanca Buchi
1433,,Pedro Ramirez 
137,,Pedro Vargas 
1942,,Pedro Velasquez Seguel
1390,,Pepe Auth Stewart
4519,,Rabindranath Quinteros Lara
256,,Rafael  Agustin Gumucio Vives
3414,,Rafael Adolfo Moreno Rojas
1119,,Juan Emeterio Martinez Camps
2231,,Jose Antonio Kast Rist
1126,,Juan Concha Urbina
2848,,Edgardo Barrueto Reeves
1752,,Cesar Ruiz Danyau
4505,,Daniel Farcas Guendelman
1493,,Daniel Salinas Munoz
4614,,Daniel Verdessi Belemmi
445,,Dario Molina Sanhueza
3675,,Dario Paya Mira
1835,,David Marzan 
2464,,Denise Pascal Allende
2698,,Diego A. Guzman 
4515,,Diego Paulsen Kehr
2641,,Dionisio Ventura Faulbaum Mayorga
921,,Domingo Alberto Alfredo Cuadra Gazmuri
285,,Domingo Claps Gallo
1316,,Duberildo Jaque Araneda
2070,,Edgardo Boeninger Kausel
1007,,Cesar Godoy Urrutia
1409,,Edgardo Riveros Marin
920,,Edgardo Rolando Schmauk Schaeffer
1116,,Edmundo Eluchans Malherbe
3473,,Edmundo Eluchans Urenda
3006,,Edmundo Salas De La  Fuente
2180,,Edmundo Salinas Claveria
3602,,Edmundo Villouta Concha
1841,,Eduardo Alessandri Rodriguez
318,,Eduardo Antonio Cerda Garcia
3108,,Eduardo Diaz Del Rio
3185,,Eduardo Francisco Contreras Mella
2273,,Eduardo Frei Montalva
3080,,Eduardo Frei Ruiz-Tagle
3839,,Eduardo Germain Koening
1700,,Cesar Raul Fuentes Venegas
857,,Cesar Augusto Parra Munoz
3534,,Fernando Raimundo Buzeta Gonzalez
1619,,Claudia Nogueira Fernandez
1333,,Carlos Smok Ubeda
854,,Carlos Sivori Alzerreca
2684,,Carlos Urrutia Rozas
2052,,Carlos Valcarce Medina
2287,,Carlos Villalobos Sepulveda
139,,Carmen Frei Ruiz Tagle
1459,,Carmen Ibanez Soto
3896,,Carmen Lazo Carrera
1706,,Carolina Goic Boroevic
1812,,Carolina Toha Morales
3369,,Celso Morales Munoz
1643,,Cesareo Juvenal Castillo Michea
4532,,Christian Urizar Munoz
2156,,Cipriano Agustin Pontigo Urrutia
1,,Claudio Alvarado Andrade
3039,,Cristian Monckeberg Bruner
4518,,Claudio Arriagada Macaya
2996,,Claudio Fernando Cancino Tellez
1404,,Claudio Humberto Huepe Garcia
1649,,Claudio Orrego Vicuna
1574,,Claudio Rodriguez Cataldo
1219,,Clemente Fuentealba Caamano
2797,,Clemira Pacheco Rivas
3050,,Clodomiro Almeyda Medina
3796,,Constantino Nicanor Suarez Gonzalez
2529,,Cristian Antonio Leay Moran
1343,,Cristian Pareto Vergara
2356,,Cristina Girardi Lavin
770,,Cristian Campos Jara
856,,Cristian Letelier Aguilar
2654,,Eduardo Jorge Clavel Amion
1663,,Eduardo Julio Magno Sepulveda Munoz
1726,,Eduardo King Caldichoury
1949,,Federico Mekis Martinez
1997,,Esteban Valenzuela Van Treek
2904,,Eugenio Bauer Jouanne
3007,,Eugenio Cantuarias Larrondo
3335,,Eugenio Munizaga Rodriguez
1220,,Eugenio Ortega Riquelme
1305,,Eugenio Ortuzar Latapiat
1745,,Eugenio Tuma Zedan
3020,,Evaldo Klein Doerner
53,,Evelyn Matthei Fornet
2623,,Exequiel Gonzalez Madariaga
181,,Exequiel Silva Ortiz
1795,,Fanny Pollarolo Villa
1930,,Fanor Velasco Salamo
3375,,Federico Bucher Weibel
785,,Federico Ringeling Hunger
3811,,Eduardo Lagos Herrera
3142,,Felipe Balbontin Rodriguez-Brito
4529,,Felipe De Mussy Hiriart
862,,Felipe Harboe Bascunan
2395,,Felipe Letelier Norambuena
3486,,Felipe Salaberry Soto
3485,,Felipe Valenzuela Herrera
75,,Felipe Ward Edwards
2140,,Fermin Fierro Luengo
2154,,Fernando Alessandri Rodriguez
1821,,Fernando Cordero Rusque
3501,,Fernando Humberto Andres Sanhueza Herbage
2542,,Fernando Maturana Erbetta
3138,,Fernando Meza Moncada
32,,Fernando Ochagavia Valdes
3552,,Esteban Romero Sandoval
2074,,Esteban Leyton Soto
3541,,Esteban Iturra Pacheco
1184,,Erwin Arturo Frei Bolivar
1176,,Eduardo Octavio Koenig Carrillo
2986,,Eduardo Saffirio Suarez
64,,Eduardo Sepulveda Whittle
1147,,Egidio Jara 
1312,,Eliana Aranibar Figueroa
965,,Eliana Caraball Martinez
3847,,Emilio Lorenzini Gratwohl
25,,Emilio Molina Pincheira
4016,,Ena Von Baer Jahn
2200,,Enrique Accorsi Opazo
2762,,Enrique Augusto Ignacio Edwards Orrego
2967,,Enrique Curti Cannobio
1494,,Enrique Estay Penaloza
1723,,Enrique Fulner 
2039,,Enrique Gana Munizaga
627,,Enrique Jaramillo Becker
3137,,Enrique Krauss Rusque
2481,,Enrique Larre Asenjo
3167,,Enrique Silva Cimma
580,,Enrique Van Rysselberghe Varela
1866,,Enrique Zorrilla Concha
3269,,Enrique Zurita Camps
2851,,Erick Villegas Gonzalez
361,,Ernesto Barros Jarpa
936,,Ernesto Corvalan Sanchez
1303,,Ernesto Guajardo Gomez
1074,,Ernesto Segundo Araneda Briones
826,,Ernesto Silva Mendez
590,,Ernesto Silva Roman
4,,Carlos Santiago Avendano Ortuzar
2454,,Carlos Roberto Martinez Martinez
782,,Carlos Roberto Letelier Bobadilla
2743,,Andres Aylwin Azocar
2584,,Alfredo Macario Lorca Valencia
1839,,Alonso Zumaeta Faune
1425,,Alvaro Erick Schnake Silva
2858,,Amanda Elisa Altamirano Guerrero
4556,,Amaro Labra Sepulveda
2099,,Amelia Herrera Silva
616,,Americo Arturo Acuna Rosas
3130,,Ana Eugenia Ugalde Arias
3382,,Ana Maria Rodriguez Rodriguez
1283,,Anatolio Salinas Navarro
1252,,Andrea Molina Oliva
4547,,Andrea Parra Sauterel
2056,,Andres Allamand Zavala
902,,Andres Antonio Egana Respaldiza
2021,,Andres Chadwick Pinera
1145,,Antonio Segundo Ruiz Paredes
4557,,Andres Molina Magofke
3438,,Andres Olivares 
1165,,Andres Palma Irarrazaval
171,,Andres Segundo Sepulveda Carmona
1976,,Andres Sotomayor Mardones
2035,,Andres Zaldivar Larrain
3049,,Aniceto Rodriguez Arenas
1636,,Anselmo Del Rosario Quezada Quezada
2058,,Antonella Sciaraffia Estrada
315,,Antonio Del Alcazar 
2855,,Antonio Damaso Del Rio 
882,,Antonio Elias Tavolari Vasquez
325,,Antonio Horvath Kiss
372,,Antonio Leal Labrin
3765,,Alfonso Vargas Lyng
1517,,Alfonso Suarez Obiol
3538,,Alfonso Ansieta Nunez
5280,,Alexis Cortes Morales
2600,,Adriana Munoz D' Albora
3259,,Agustin Acuna Mendez
2846,,Alamiro Esteban Sainz Argomaniz
1586,,Alberto Baltra Cortes
1916,,Alberto Cooper Valencia
3472,,Alberto Decombe Edwards
2566,,Alberto Espina Otero
2453,,Alberto Eugenio Cardemil Herrera
1954,,Alberto Jaramillo Borquez
3615,,Alberto Javier Rafael Zaldivar Larrain
1629,,Alberto Jorge Jerez Horta
2683,,Alberto Naudon Abarca
2228,,Alberto Robles Pantoja
3851,,Alberto Tercero Daiber Etcheberry
997,,Albino Barra Villalobos
1714,,Aldo Cornejo Gonzalez
5285,,Alejandra Krauss Valle
2468,,Alejandro Bell Jara
3407,,Alejandro Enrique Toro Herrera
2571,,Alejandro Garcia-Huidobro Sanfuentes
4512,,Alejandro Guillier Alvarez
2502,,Alejandro Hales Jamarne
1432,,Alejandro Jiliberto Zepeda
498,,Alejandro Miguel Sule Fernandez
3688,,Alejandro Navarro Brain
2836,,Alejandro Noemi Huerta
167,,Alejandro Santana Tirachini
68,,Alejandro Tomas Foxley Rioseco
2628,,Alejandro Victor Manuel Rojas Wainer
2094,,Antonio Orpis Birchmeier
2360,,Anibal Juan Esteban Scarella Calandroni
303,,Carlos Recondo Lavanderos
703,,Carlos Demarchi Kempowsky
2718,,Carlos Abel Jarpa Wevar
845,,Carlos Alfredo Vilches Guzman
957,,Carlos Altamirano Orrego
3686,,Carlos Andrade Vera
606,,Carlos Anibal Larrain Pena
618,,Carlos Arturo Garces Fernandez
3859,,Carlos Arturo Rosales Gutierrez
2908,,Carlos Augusto Vial Espantoso
2721,,Carlos Bombal Otaegui
2905,,Carlos Caminondo Saez
337,,Carlos Cantero Ojeda
2886,,Carlos Contreras Labarca
793,,Carlos Cortes Silva
2419,,Carlos Del Rio 
485,,Carlos Dupre Silva
1336,,Anibal Perez Lobos
673,,Carlos Fernando Flores Labra
979,,Carlos Gonzalez Jaksic
2003,,Carlos Gonzalez Marquez
2379,,Carlos Hernan Bosselin Correa
728,,Carlos Hidalgo Gonzalez
3573,,Carlos Leon Palma
1907,,Carlos Lorca Tobar
3537,,Carlos Luis Gonzalez Utreras
1667,,Carlos Montes Cisternas
797,,Carlos Morales Abarzua
3787,,Carlos Munoz Horz
3055,,Carlos Olivares Zepeda
2457,,Carlos Ominami Pascual
3510,,Carlos Orlando Cerda Aguilera
4639,,Camilo Moran Bahamondes
2146,,Camilo Escalona Medina
2428,,Camilo Armando Salvo Inostroza
4538,,Camila Vallejo Dowling
4595,,Aracely Leuquen Uribe
2461,,Armando Arancibia Calderon
1042,,Armando Barrientos Miranda
935,,Armando Hernandez 
453,,Armando Holzapfel Alvarez
682,,Armando Jose Domingo Jaramillo Lyon
1223,,Armando Montes Velasco
1531,,Arturo Alessandri Besa
2545,,Arturo Carvajal Acuna
1115,,Arturo Longton Guerrero
2283,,Arturo Perez Palavecino
2413,,Arturo Squella Ovalle
2701,,Arturo Valdes Phillips
3349,,Augusto Pinochet Ugarte
3474,,Baldemar Carrasco Munoz
2017,,Baldo Prokurica Prokurica
705,,Belarmino Elgueta Becker
23,,Beltran Urenda Zegers
3295,,Benjamin Lavin Matta
2218,,Benjamin Prado Casas
769,,Bernardino Segundo Guerra Cofre
3287,,Bernardo Araya Zuleta
2234,,Bernardo Larrain Vial
1454,,Bernardo Leighton Guzman
5284,,Bettina Horst Von Thadden
1499,,Blanca Adelina Retamal Contreras
3531,,Blas Bellolio Zappettini
3867,,Boris Tapia Martinez
549,,Bruno Guillermo Siebert Held
3772,,Fernando Otto Schott Scheuch
2556,,Fernando Romero Vasquez
427,,Juan Carlos Latorre Carmona
2813,,Jorge Eduardo Osorio Pardo
1640,,Joaquin Walker Larrain
2881,,Joel Rosales Guzman
3242,,Joel Segundo Marambio Paez
2346,,Jonas Gomez Gallo
2002,,Jorge Adolfo Saelzer Balde
2841,,Jorge Alessandri Rodriguez
1178,,Jorge Antonio Montes Moraga
3197,,Jorge Aravena Carrasco
2062,,Jorge Aspee Rodriguez
1578,,Jorge Burgos Varela
2944,,Jorge Cabello Pizarro
3187,,Jorge Cvitanic Simunovic
3277,,Jorge Domingo Godoy Matte
3405,,Jorge Eduardo Ibanez Vergara
119,,Jorge Exequiel Lavandero Illanes
3447,,Joaquin Segundo Morales Abarzua
758,,Jorge Gonzalez Von Marees
1154,,Jorge Insunza Becker
2805,,Jorge Insunza Gregorio De Las Heras
173,,Jorge Ivan Hubner Gallo
2270,,Jorge Lavandero Eyzaguirre
2678,,Jorge Martinez Busch
82,,Jorge Mauricio Riesco Errazuriz
3874,,Jorge Miguel Otero Lathrop
1268,,Jorge Molina Valdivieso
3704,,Jorge Morales Adriasola
2425,,Jorge Patricio Arancibia Reyes
218,,Jorge Pizarro Soto
2664,,Jorge Prieto Echaurren
168,,Jorge Sabag Villalobos
2928,,Joaquin Tuma Zedan
3374,,Joaquin Palma Irarrazaval
1602,,Fernando Santiago Agurto Ramirez
4526,,Jaime Bellolio Avaria
3397,,Issa Kort Garriga
2459,,Ivan De La Maza Maillet
1458,,Ivan Eliseo Quintana Miranda
4525,,Ivan Fuentes Castillo
3381,,Ivan Mesias Lehu
3360,,Ivan Norambuena Farias
2020,,Ivan Paredes Fierro
2686,,Ivan Urzua Ahumada
3429,,Jacinto Leon Lavin
410,,Jacinto Vasquez 
2359,,Jacobo Schaulsohn Numhauser
4514,,Jacqueline Van Rysselberghe
5279,,Jaime Arancibia Mattar
1071,,Jaime Barros Perez Cotapos
2601,,Jaime Bulnes Sanfuentes
2100,,Joaquin Godoy Ibanez
1810,,Jaime Campos Quiroga
2320,,Jaime Concha Baranao
1159,,Jaime Enrique Jimenez Villavicencio
491,,Jaime Estevez Valencia
1819,,Jaime Gazmuri Mujica
2436,,Jaime Guzman Errazuriz
2927,,Jaime Leon Suarez Bastidas
637,,Jaime Orpis Bouchon
4527,,Jaime Pilowsky Greene
2398,,Jaime Rocha Manrique
4096,,Jaime Toha Gonzalez
3251,,Javier Hernandez Hernandez
74,,Jenaro Lisboa Huerta
4509,,Jenny Alvarez Vera
2835,,Jorge Sabat Gozalo
640,,Jorge Santibanez Ceardi
195,,Jorge Schaulsohn Brodsky
2935,,Jose Ruiz De Giorgio
1248,,Jose Maria Hurtado Ruiz Tagle
1927,,Jose Maria Lorca 
1112,,Jose Matias Nunez Malhue
322,,Jose Miguel Barriga Castro
44,,Jose Miguel Bascunan 
2383,,Jose Miguel Huerta Munoz
1209,,Jose Miguel Ortiz Novoa
1689,,Jose Orlando Millas Correa
3062,,Jose Oyarzun Decouvieres
3574,,Jose Pedro Guzman Alvarez
1772,,Jose Pena Meza
2315,,Jose Placido Musalem Saffie
2399,,Jose Perez Arriagada
1984,,Jose Ricardo Monares Gomez
699,,Jose Tomas Camus Foncea
3302,,Jorge Soria Macchiavello
3389,,Jose Tomas Gallo Goyenechea
1694,,Jose Tomas Reyes Vicuna
1135,,Jose Urrutia 
3858,,Jovino Novoa Vidal
2093,,Jovino Novoa Vasquez
3567,,Juan Acevedo Pavez
720,,Juan Akin Soto Morales
3013,,Juan Alberto Garcia Romero
3394,,Juan Alberto Perez Munoz
2574,,Juan Antonio Molina 
3696,,Juan Bautista Bustos Valenzuela
2775,,Juan Bautista Segundo Argandona Cortes
506,,Juan Bosco Hugo Parra Alderete
2870,,Juan Canessa Oneto
304,,Jose Maria Hurtado Baquedano
919,,Jose Maria Garcia 
317,,Jose Manuel Rafael Tagle Valdes
2794,,Jose Manuel Olaguer Feliu Y Rogells
1734,,Jorge Tarud Daccarett
2635,,Jorge Ulloa Aguillon
155,,Jorge Urzua Urzua
500,,Jose Antonio Galilea Vidaurre
1634,,Jose Alfonso Rodriguez Del Rio
1311,,Jose Amar Amar
1026,,Jose Andres Aravena Cabezas
958,,Jose Antonio Aspee 
2864,,Jose Antonio Foncea Aedo
2332,,Jose Antonio Francino 
2804,,Jose Antonio Gomez Urrutia
1049,,Adonis Ramon Sepulveda Acuna
3250,,Jose Antonio Ramirez 
2469,,Jose Antonio Viera Gallo Quesney
1701,,Jose Candelario Ortiz 
2667,,Jose Domingo Escorza Olmos
1786,,Jose Francisco Encina Moriamez
2510,,Jose Felix Garay Figueroa
3465,,Jose Garcia Gonzalez
2000,,Jose Gregorio Eguiguren Amunategui
2227,,Jose Hugo Rosende Subiabre
3202,,Jose Ignacio Palma Vicuna
1729,,Jose Ignacio Urrutia Arcos
2472,,Jose Luis Cademartori Invernizzi
2104,,Jose Luis Gonzalez Rodriguez
671,,Jose Luis Martin Mardones
2134,,Jose Makluf Campos
3313,,Jose Manuel Hurtado 
1946,,Jose Manuel Isla Hevia
384,,Ismael Pereira Lyon
2562,,Isidoro Toha Gonzalez
2284,,Isauro Torres Cereceda
2034,,Gilberto Canales Canales
2644,,Felix Santiago Gajardo Peillard
1777,,Gabriel Ascencio Mansilla
4536,,Gabriel Boric Font
2248,,Gabriel De La Fuente Cortes
2787,,Gabriel Silber Romo
160,,Gabriel Valdes Subercaseaux
1664,,Galvarino Melo Paez
3788,,Gaspar Mora 
1882,,Gaston Dario Da Bove Olave
2518,,Gerardo Espinoza Carrillo
212,,German Becker Alvear
2610,,German Becker Baechler
1443,,German Miguel Juan Riesco Zanartu
3446,,German Verdugo Soto
4541,,Giorgio Jackson Drago
1961,,Guido Girardi Lavin
996,,Giovanni Oscar Calderon Bassi
1005,,Gladys Del Carmen Marin Millie
690,,Gonzalo Arenas Hodar
2934,,Gonzalo Duarte Leiva
4535,,Gonzalo Fuenzalida Figueroa
1296,,Gonzalo Ibanez Santa Maria
1487,,Gonzalo Uriarte Herrera
3766,,Gonzalo Yuseff Sotomayor
3471,,Graciela Lacoste Navarro
3832,,Gregorio Amunategui Jordan
2012,,Gregorio Letelier 
1655,,Gregorio Moreno 
1373,,Gregorio Rene Garcia Sabugal
2795,,Guido Castilla Hernandez
819,,Felix Ernesto Iglesias Cortes
2312,,Fulvio Rossi Ciocca
3356,,Fuad Chahin Valenzuela
3037,,Fritz Hillmann Suarez
355,,Fernando Sotomayor Garcia
3877,,Fernando Urizar 
788,,Fidelma Allende Miranda
5293,,Flavio Quezada Rodriguez
4613,,Florcita Alarcon Rojas
2328,,Florencio Duran Bernales
3291,,Fortunato Venegas 
2085,,Francisco Alejandro Roberto Wachholtz Araya
3293,,Francisco Antonio Encina Armanet
3054,,Francisco Bartolucci Johnston
3580,,Francisco Bulnes Sanfuentes
3568,,Francisco Barcena 
1590,,Francisco Carvallo Elizalde
4555,,Francisco Eguiguren Correa
2802,,Francisco Fuenzalida 
2639,,Francisco Javier Errazuriz Talavera
3273,,Francisco Javier Labbe Labbe
492,,Francisco Javier Lira Merino
2853,,Francisco Javier Munoz Pizarro
2952,,Francisco Leandro Bayo Veloso
3789,,Francisco Osorio 
490,,Francisco Prado 
1751,,Francisco Prat Alemparte
2127,,Francisco Ramon Undurraga Vicuna
3724,,Francisco Renan Fuentealba Vildosola
199,,Francisco Rogelio De La Fuente Gaete
461,,Francisco Sepulveda Gutierrez
96,,Francisco Sotomayor 
1298,,Francisco De Borja Eguiguren Urrejola
420,,Guido Girardi Briere
3732,,Guillermo Ceroni Fuentes
655,,Isaac Florencio Baltazar Castro Palma
859,,Hector Leonidas Lehuede Alvarado
722,,Hugo Orlando Robles Robles
2514,,Hugo Ortiz De Filippi
3359,,Hugo Rodriguez Guerrero
2449,,Hugo Zepeda Coll
3706,,Hugo Alamos Vasquez
2097,,Humberto Aguirre Doolan
2032,,Humberto Del Rio Gundian
1051,,Humberto Enriquez Frodden
1963,,Humberto Manuel Palza Corvacho
1806,,Humberto Martones Morales
1332,,Humberto Parada Berger
3024,,Humberto Alvarez Suarez
330,,Hector Castro Castro
3319,,Hector Enrique Campos Perez
2760,,Hector Luis Olivares Solis
213,,Guillermo Chadwick Ortuzar
196,,Hector Rios Rios
92,,Hector Tellez Schwerter
2220,,Hector Valenzuela Valderrama
861,,Hector Zambrano Opazo
3200,,Ignacio Arturo Prado Benitez
2947,,Ignacio Balbontin Arteaga
2658,,Ignacio Molina 
1596,,Ignacio Perez Walker
3201,,Ignacio Urrutia Bonilla
1039,,Ignacio Urrutia Manzano
3186,,Ignacio Urrutia Rozas
1495,,Ignacio Urrutia De La Sotta
3336,,Ignacio Walker Prieto
3579,,Ines Leonor Enriquez Frodden
2358,,Hugo Miranda Ramirez
3516,,Hugo Gutierrez Galvez
1648,,Hugo Eugenio Ballesteros Reyes
828,,Hosain Sabag Castillo
395,,Guillermo Donoso Vergara
1550,,Guillermo Munoz Zuniga
3463,,Guillermo Paulino Izquierdo Araya
3163,,Guillermo Ramirez Sanz
2172,,Guillermo Renato Gaona Acuna
302,,Guillermo Teillier Del Valle
1720,,Guillermo Vasquez Ubeda
777,,Guillermo Yunge Bustamante
2302,,Gustavo Alessandri Balmaceda
1792,,Gustavo Alessandri Valdes
3059,,Gustavo Cardemil Alfaro
3102,,Gustavo Hasbun Selume
635,,Gustavo Lorca Rojas
2177,,Gustavo Loyola Vasquez
2181,,Gustavo Monckeberg Barros
3533,,Gustavo Ramirez Vergara
1319,,Gutenberg Martinez Ocamica
2485,,Hardy Rene Oscar Momberg Roa
2958,,Haroldo Fossa Rojas
3834,,Harry Jurgensen Caesar
2563,,Hermes Ahumada Pacheco
2247,,Hermogenes Labbe Labbe
907,,Hermogenes Perez De Arce Ibieta
993,,Hernan Alfredo Leigh Guzman
2008,,Hernan Larrain Fernandez
2007,,Hernan Modesto Olave Verdugo
278,,Hernan Rojo Avendano
1185,,Hernan Vodanovic Schnake
205,,Homero Gutierrez Roman
3894,,Angel Fantuzzi Hernandez
